title,description,status_id,date_from,due_date
Integración de base de datos #1,Configurar la base de datos y conectar las tablas necesarias para el sistema de gestión. Esto se refiere a la tarea #1 en el proyecto de desarrollo.,1,2025-01-08,2025-02-08
Pruebas de integración #2,Realizar pruebas de integración para asegurar que todos los servicios funcionen correctamente en conjunto. Esto se refiere a la tarea #2 en el proyecto de desarrollo.,1,2025-01-30,2025-02-02
Mantenimiento de servidor de producción #3,Realizar el mantenimiento regular del servidor para garantizar que funcione de manera eficiente. Esto se refiere a la tarea #3 en el proyecto de desarrollo.,1,2025-01-06,2025-02-05
Optimización de consultas SQL #4,Optimizar las consultas SQL para mejorar el rendimiento de la aplicación. Esto se refiere a la tarea #4 en el proyecto de desarrollo.,1,2025-01-06,2025-02-01
Mantenimiento de servidor de producción #5,Realizar el mantenimiento regular del servidor para garantizar que funcione de manera eficiente. Esto se refiere a la tarea #5 en el proyecto de desarrollo.,1,2025-01-10,2025-02-11
Mantenimiento de servidor de producción #6,Realizar el mantenimiento regular del servidor para garantizar que funcione de manera eficiente. Esto se refiere a la tarea #6 en el proyecto de desarrollo.,1,2025-01-02,2025-02-08
Optimización de consultas SQL #7,Optimizar las consultas SQL para mejorar el rendimiento de la aplicación. Esto se refiere a la tarea #7 en el proyecto de desarrollo.,1,2025-01-12,2025-02-04
Auditoría de seguridad #8,Realizar una auditoría de seguridad para identificar posibles vulnerabilidades en la aplicación. Esto se refiere a la tarea #8 en el proyecto de desarrollo.,1,2025-01-17,2025-02-03
Pruebas de integración #9,Realizar pruebas de integración para asegurar que todos los servicios funcionen correctamente en conjunto. Esto se refiere a la tarea #9 en el proyecto de desarrollo.,1,2025-01-06,2025-02-11
Pruebas de integración #10,Realizar pruebas de integración para asegurar que todos los servicios funcionen correctamente en conjunto. Esto se refiere a la tarea #10 en el proyecto de desarrollo.,1,2025-01-19,2025-02-06
Desarrollo de API RESTful #11,Desarrollar una API RESTful para que el sistema pueda interactuar con otras aplicaciones. Esto se refiere a la tarea #11 en el proyecto de desarrollo.,1,2025-01-16,2025-02-08
Pruebas de integración #12,Realizar pruebas de integración para asegurar que todos los servicios funcionen correctamente en conjunto. Esto se refiere a la tarea #12 en el proyecto de desarrollo.,1,2025-01-17,2025-02-08
Mantenimiento de servidor de producción #13,Realizar el mantenimiento regular del servidor para garantizar que funcione de manera eficiente. Esto se refiere a la tarea #13 en el proyecto de desarrollo.,1,2025-01-07,2025-02-05
Mantenimiento de servidor de producción #14,Realizar el mantenimiento regular del servidor para garantizar que funcione de manera eficiente. Esto se refiere a la tarea #14 en el proyecto de desarrollo.,1,2025-01-25,2025-02-08
Configuración de servidor #15,Configurar el servidor para que los usuarios puedan acceder a la aplicación de forma segura. Esto se refiere a la tarea #15 en el proyecto de desarrollo.,1,2025-01-07,2025-02-02
Pruebas de integración #16,Realizar pruebas de integración para asegurar que todos los servicios funcionen correctamente en conjunto. Esto se refiere a la tarea #16 en el proyecto de desarrollo.,1,2025-01-01,2025-02-11
Desarrollo de API RESTful #17,Desarrollar una API RESTful para que el sistema pueda interactuar con otras aplicaciones. Esto se refiere a la tarea #17 en el proyecto de desarrollo.,1,2025-01-07,2025-02-03
Revisión de código de backend #18,Revisar el código del backend para detectar posibles errores y mejorar la eficiencia. Esto se refiere a la tarea #18 en el proyecto de desarrollo.,1,2025-01-01,2025-02-11
Optimización de consultas SQL #19,Optimizar las consultas SQL para mejorar el rendimiento de la aplicación. Esto se refiere a la tarea #19 en el proyecto de desarrollo.,1,2025-01-03,2025-02-06
Pruebas de integración #20,Realizar pruebas de integración para asegurar que todos los servicios funcionen correctamente en conjunto. Esto se refiere a la tarea #20 en el proyecto de desarrollo.,1,2025-01-30,2025-02-13
Revisión de código de backend #21,Revisar el código del backend para detectar posibles errores y mejorar la eficiencia. Esto se refiere a la tarea #21 en el proyecto de desarrollo.,1,2025-01-29,2025-02-03
Pruebas de integración #22,Realizar pruebas de integración para asegurar que todos los servicios funcionen correctamente en conjunto. Esto se refiere a la tarea #22 en el proyecto de desarrollo.,1,2025-01-24,2025-02-08
Configuración de servidor #23,Configurar el servidor para que los usuarios puedan acceder a la aplicación de forma segura. Esto se refiere a la tarea #23 en el proyecto de desarrollo.,1,2025-01-01,2025-02-06
Desarrollo de API RESTful #24,Desarrollar una API RESTful para que el sistema pueda interactuar con otras aplicaciones. Esto se refiere a la tarea #24 en el proyecto de desarrollo.,1,2025-01-29,2025-02-10
Optimización de consultas SQL #25,Optimizar las consultas SQL para mejorar el rendimiento de la aplicación. Esto se refiere a la tarea #25 en el proyecto de desarrollo.,1,2025-01-19,2025-02-10
Integración de base de datos #26,Configurar la base de datos y conectar las tablas necesarias para el sistema de gestión. Esto se refiere a la tarea #26 en el proyecto de desarrollo.,1,2025-01-26,2025-02-10
Desarrollo de la página de inicio #27,Desarrollar la interfaz de usuario de la página de inicio con un diseño atractivo y accesible. Esto se refiere a la tarea #27 en el proyecto de desarrollo.,1,2025-01-08,2025-02-07
Desarrollo de la página de inicio #28,Desarrollar la interfaz de usuario de la página de inicio con un diseño atractivo y accesible. Esto se refiere a la tarea #28 en el proyecto de desarrollo.,1,2025-01-26,2025-02-13
Desarrollo de funcionalidades de usuario #29,"Crear las funcionalidades de usuario para permitir el registro, inicio de sesión y gestión de perfiles. Esto se refiere a la tarea #29 en el proyecto de desarrollo.",1,2025-01-01,2025-02-03
Pruebas de integración #30,Realizar pruebas de integración para asegurar que todos los servicios funcionen correctamente en conjunto. Esto se refiere a la tarea #30 en el proyecto de desarrollo.,1,2025-01-13,2025-02-09
Desarrollo de funcionalidades de usuario #31,"Crear las funcionalidades de usuario para permitir el registro, inicio de sesión y gestión de perfiles. Esto se refiere a la tarea #31 en el proyecto de desarrollo.",1,2025-01-08,2025-02-02
Revisión de código de backend #32,Revisar el código del backend para detectar posibles errores y mejorar la eficiencia. Esto se refiere a la tarea #32 en el proyecto de desarrollo.,1,2025-01-05,2025-02-11
Desarrollo de funcionalidades de usuario #33,"Crear las funcionalidades de usuario para permitir el registro, inicio de sesión y gestión de perfiles. Esto se refiere a la tarea #33 en el proyecto de desarrollo.",1,2025-01-25,2025-02-06
Desarrollo de API RESTful #34,Desarrollar una API RESTful para que el sistema pueda interactuar con otras aplicaciones. Esto se refiere a la tarea #34 en el proyecto de desarrollo.,1,2025-01-29,2025-02-12
Integración de base de datos #35,Configurar la base de datos y conectar las tablas necesarias para el sistema de gestión. Esto se refiere a la tarea #35 en el proyecto de desarrollo.,1,2025-01-06,2025-02-12
Optimización de consultas SQL #36,Optimizar las consultas SQL para mejorar el rendimiento de la aplicación. Esto se refiere a la tarea #36 en el proyecto de desarrollo.,1,2025-01-07,2025-02-07
Desarrollo de la página de inicio #37,Desarrollar la interfaz de usuario de la página de inicio con un diseño atractivo y accesible. Esto se refiere a la tarea #37 en el proyecto de desarrollo.,1,2025-01-08,2025-02-01
Integración de base de datos #38,Configurar la base de datos y conectar las tablas necesarias para el sistema de gestión. Esto se refiere a la tarea #38 en el proyecto de desarrollo.,1,2025-01-09,2025-02-14
Desarrollo de la página de inicio #39,Desarrollar la interfaz de usuario de la página de inicio con un diseño atractivo y accesible. Esto se refiere a la tarea #39 en el proyecto de desarrollo.,1,2025-01-10,2025-02-07
Desarrollo de funcionalidades de usuario #40,"Crear las funcionalidades de usuario para permitir el registro, inicio de sesión y gestión de perfiles. Esto se refiere a la tarea #40 en el proyecto de desarrollo.",1,2025-01-14,2025-02-06
Optimización de consultas SQL #41,Optimizar las consultas SQL para mejorar el rendimiento de la aplicación. Esto se refiere a la tarea #41 en el proyecto de desarrollo.,1,2025-01-13,2025-02-10
Mantenimiento de servidor de producción #42,Realizar el mantenimiento regular del servidor para garantizar que funcione de manera eficiente. Esto se refiere a la tarea #42 en el proyecto de desarrollo.,1,2025-01-04,2025-02-06
Revisión de código de backend #43,Revisar el código del backend para detectar posibles errores y mejorar la eficiencia. Esto se refiere a la tarea #43 en el proyecto de desarrollo.,1,2025-01-17,2025-02-01
Revisión de código de backend #44,Revisar el código del backend para detectar posibles errores y mejorar la eficiencia. Esto se refiere a la tarea #44 en el proyecto de desarrollo.,1,2025-01-10,2025-02-01
Revisión de código de backend #45,Revisar el código del backend para detectar posibles errores y mejorar la eficiencia. Esto se refiere a la tarea #45 en el proyecto de desarrollo.,1,2025-01-20,2025-02-11
Desarrollo de la página de inicio #46,Desarrollar la interfaz de usuario de la página de inicio con un diseño atractivo y accesible. Esto se refiere a la tarea #46 en el proyecto de desarrollo.,1,2025-01-21,2025-02-07
Pruebas de integración #47,Realizar pruebas de integración para asegurar que todos los servicios funcionen correctamente en conjunto. Esto se refiere a la tarea #47 en el proyecto de desarrollo.,1,2025-01-28,2025-02-08
Mantenimiento de servidor de producción #48,Realizar el mantenimiento regular del servidor para garantizar que funcione de manera eficiente. Esto se refiere a la tarea #48 en el proyecto de desarrollo.,1,2025-01-07,2025-02-09
Configuración de servidor #49,Configurar el servidor para que los usuarios puedan acceder a la aplicación de forma segura. Esto se refiere a la tarea #49 en el proyecto de desarrollo.,1,2025-01-28,2025-02-01
Desarrollo de API RESTful #50,Desarrollar una API RESTful para que el sistema pueda interactuar con otras aplicaciones. Esto se refiere a la tarea #50 en el proyecto de desarrollo.,1,2025-01-30,2025-02-14
Auditoría de seguridad #51,Realizar una auditoría de seguridad para identificar posibles vulnerabilidades en la aplicación. Esto se refiere a la tarea #51 en el proyecto de desarrollo.,1,2025-01-27,2025-02-07
Revisión de código de backend #52,Revisar el código del backend para detectar posibles errores y mejorar la eficiencia. Esto se refiere a la tarea #52 en el proyecto de desarrollo.,1,2025-01-10,2025-02-13
Desarrollo de la página de inicio #53,Desarrollar la interfaz de usuario de la página de inicio con un diseño atractivo y accesible. Esto se refiere a la tarea #53 en el proyecto de desarrollo.,1,2025-01-22,2025-02-09
Desarrollo de funcionalidades de usuario #54,"Crear las funcionalidades de usuario para permitir el registro, inicio de sesión y gestión de perfiles. Esto se refiere a la tarea #54 en el proyecto de desarrollo.",1,2025-01-02,2025-02-10
Revisión de código de backend #55,Revisar el código del backend para detectar posibles errores y mejorar la eficiencia. Esto se refiere a la tarea #55 en el proyecto de desarrollo.,1,2025-01-07,2025-02-07
Desarrollo de API RESTful #56,Desarrollar una API RESTful para que el sistema pueda interactuar con otras aplicaciones. Esto se refiere a la tarea #56 en el proyecto de desarrollo.,1,2025-01-30,2025-02-01
Optimización de consultas SQL #57,Optimizar las consultas SQL para mejorar el rendimiento de la aplicación. Esto se refiere a la tarea #57 en el proyecto de desarrollo.,1,2025-01-15,2025-02-09
Mantenimiento de servidor de producción #58,Realizar el mantenimiento regular del servidor para garantizar que funcione de manera eficiente. Esto se refiere a la tarea #58 en el proyecto de desarrollo.,1,2025-01-15,2025-02-10
Desarrollo de API RESTful #59,Desarrollar una API RESTful para que el sistema pueda interactuar con otras aplicaciones. Esto se refiere a la tarea #59 en el proyecto de desarrollo.,1,2025-01-05,2025-02-08
Desarrollo de la página de inicio #60,Desarrollar la interfaz de usuario de la página de inicio con un diseño atractivo y accesible. Esto se refiere a la tarea #60 en el proyecto de desarrollo.,1,2025-01-11,2025-02-04
Optimización de consultas SQL #61,Optimizar las consultas SQL para mejorar el rendimiento de la aplicación. Esto se refiere a la tarea #61 en el proyecto de desarrollo.,1,2025-01-07,2025-02-08
Auditoría de seguridad #62,Realizar una auditoría de seguridad para identificar posibles vulnerabilidades en la aplicación. Esto se refiere a la tarea #62 en el proyecto de desarrollo.,1,2025-01-15,2025-02-11
Mantenimiento de servidor de producción #63,Realizar el mantenimiento regular del servidor para garantizar que funcione de manera eficiente. Esto se refiere a la tarea #63 en el proyecto de desarrollo.,1,2025-01-09,2025-02-09
Desarrollo de funcionalidades de usuario #64,"Crear las funcionalidades de usuario para permitir el registro, inicio de sesión y gestión de perfiles. Esto se refiere a la tarea #64 en el proyecto de desarrollo.",1,2025-01-30,2025-02-10
Pruebas de integración #65,Realizar pruebas de integración para asegurar que todos los servicios funcionen correctamente en conjunto. Esto se refiere a la tarea #65 en el proyecto de desarrollo.,1,2025-01-17,2025-02-10
Optimización de consultas SQL #66,Optimizar las consultas SQL para mejorar el rendimiento de la aplicación. Esto se refiere a la tarea #66 en el proyecto de desarrollo.,1,2025-01-20,2025-02-12
Pruebas de integración #67,Realizar pruebas de integración para asegurar que todos los servicios funcionen correctamente en conjunto. Esto se refiere a la tarea #67 en el proyecto de desarrollo.,1,2025-01-21,2025-02-06
Mantenimiento de servidor de producción #68,Realizar el mantenimiento regular del servidor para garantizar que funcione de manera eficiente. Esto se refiere a la tarea #68 en el proyecto de desarrollo.,1,2025-01-11,2025-02-13
Revisión de código de backend #69,Revisar el código del backend para detectar posibles errores y mejorar la eficiencia. Esto se refiere a la tarea #69 en el proyecto de desarrollo.,1,2025-01-08,2025-02-06
Optimización de consultas SQL #70,Optimizar las consultas SQL para mejorar el rendimiento de la aplicación. Esto se refiere a la tarea #70 en el proyecto de desarrollo.,1,2025-01-23,2025-02-06
Desarrollo de API RESTful #71,Desarrollar una API RESTful para que el sistema pueda interactuar con otras aplicaciones. Esto se refiere a la tarea #71 en el proyecto de desarrollo.,1,2025-01-01,2025-02-05
Optimización de consultas SQL #72,Optimizar las consultas SQL para mejorar el rendimiento de la aplicación. Esto se refiere a la tarea #72 en el proyecto de desarrollo.,1,2025-01-09,2025-02-11
Pruebas de integración #73,Realizar pruebas de integración para asegurar que todos los servicios funcionen correctamente en conjunto. Esto se refiere a la tarea #73 en el proyecto de desarrollo.,1,2025-01-28,2025-02-01
Optimización de consultas SQL #74,Optimizar las consultas SQL para mejorar el rendimiento de la aplicación. Esto se refiere a la tarea #74 en el proyecto de desarrollo.,1,2025-01-23,2025-02-12
Optimización de consultas SQL #75,Optimizar las consultas SQL para mejorar el rendimiento de la aplicación. Esto se refiere a la tarea #75 en el proyecto de desarrollo.,1,2025-01-29,2025-02-05
Mantenimiento de servidor de producción #76,Realizar el mantenimiento regular del servidor para garantizar que funcione de manera eficiente. Esto se refiere a la tarea #76 en el proyecto de desarrollo.,1,2025-01-21,2025-02-07
Desarrollo de la página de inicio #77,Desarrollar la interfaz de usuario de la página de inicio con un diseño atractivo y accesible. Esto se refiere a la tarea #77 en el proyecto de desarrollo.,1,2025-01-20,2025-02-05
Optimización de consultas SQL #78,Optimizar las consultas SQL para mejorar el rendimiento de la aplicación. Esto se refiere a la tarea #78 en el proyecto de desarrollo.,1,2025-01-20,2025-02-01
Optimización de consultas SQL #79,Optimizar las consultas SQL para mejorar el rendimiento de la aplicación. Esto se refiere a la tarea #79 en el proyecto de desarrollo.,1,2025-01-09,2025-02-14
Integración de base de datos #80,Configurar la base de datos y conectar las tablas necesarias para el sistema de gestión. Esto se refiere a la tarea #80 en el proyecto de desarrollo.,1,2025-01-21,2025-02-09
Integración de base de datos #81,Configurar la base de datos y conectar las tablas necesarias para el sistema de gestión. Esto se refiere a la tarea #81 en el proyecto de desarrollo.,1,2025-01-11,2025-02-06
Optimización de consultas SQL #82,Optimizar las consultas SQL para mejorar el rendimiento de la aplicación. Esto se refiere a la tarea #82 en el proyecto de desarrollo.,1,2025-01-15,2025-02-13
Mantenimiento de servidor de producción #83,Realizar el mantenimiento regular del servidor para garantizar que funcione de manera eficiente. Esto se refiere a la tarea #83 en el proyecto de desarrollo.,1,2025-01-30,2025-02-07
Configuración de servidor #84,Configurar el servidor para que los usuarios puedan acceder a la aplicación de forma segura. Esto se refiere a la tarea #84 en el proyecto de desarrollo.,1,2025-01-02,2025-02-02
Mantenimiento de servidor de producción #85,Realizar el mantenimiento regular del servidor para garantizar que funcione de manera eficiente. Esto se refiere a la tarea #85 en el proyecto de desarrollo.,1,2025-01-19,2025-02-04
Desarrollo de API RESTful #86,Desarrollar una API RESTful para que el sistema pueda interactuar con otras aplicaciones. Esto se refiere a la tarea #86 en el proyecto de desarrollo.,1,2025-01-09,2025-02-09
Desarrollo de la página de inicio #87,Desarrollar la interfaz de usuario de la página de inicio con un diseño atractivo y accesible. Esto se refiere a la tarea #87 en el proyecto de desarrollo.,1,2025-01-18,2025-02-01
Desarrollo de funcionalidades de usuario #88,"Crear las funcionalidades de usuario para permitir el registro, inicio de sesión y gestión de perfiles. Esto se refiere a la tarea #88 en el proyecto de desarrollo.",1,2025-01-28,2025-02-08
Mantenimiento de servidor de producción #89,Realizar el mantenimiento regular del servidor para garantizar que funcione de manera eficiente. Esto se refiere a la tarea #89 en el proyecto de desarrollo.,1,2025-01-12,2025-02-04
Desarrollo de API RESTful #90,Desarrollar una API RESTful para que el sistema pueda interactuar con otras aplicaciones. Esto se refiere a la tarea #90 en el proyecto de desarrollo.,1,2025-01-03,2025-02-01
Optimización de consultas SQL #91,Optimizar las consultas SQL para mejorar el rendimiento de la aplicación. Esto se refiere a la tarea #91 en el proyecto de desarrollo.,1,2025-01-30,2025-02-02
Desarrollo de API RESTful #92,Desarrollar una API RESTful para que el sistema pueda interactuar con otras aplicaciones. Esto se refiere a la tarea #92 en el proyecto de desarrollo.,1,2025-01-28,2025-02-09
Auditoría de seguridad #93,Realizar una auditoría de seguridad para identificar posibles vulnerabilidades en la aplicación. Esto se refiere a la tarea #93 en el proyecto de desarrollo.,1,2025-01-16,2025-02-13
Integración de base de datos #94,Configurar la base de datos y conectar las tablas necesarias para el sistema de gestión. Esto se refiere a la tarea #94 en el proyecto de desarrollo.,1,2025-01-25,2025-02-04
Pruebas de integración #95,Realizar pruebas de integración para asegurar que todos los servicios funcionen correctamente en conjunto. Esto se refiere a la tarea #95 en el proyecto de desarrollo.,1,2025-01-23,2025-02-14
Revisión de código de backend #96,Revisar el código del backend para detectar posibles errores y mejorar la eficiencia. Esto se refiere a la tarea #96 en el proyecto de desarrollo.,1,2025-01-17,2025-02-11
Desarrollo de la página de inicio #97,Desarrollar la interfaz de usuario de la página de inicio con un diseño atractivo y accesible. Esto se refiere a la tarea #97 en el proyecto de desarrollo.,1,2025-01-07,2025-02-11
Optimización de consultas SQL #98,Optimizar las consultas SQL para mejorar el rendimiento de la aplicación. Esto se refiere a la tarea #98 en el proyecto de desarrollo.,1,2025-01-04,2025-02-03
Desarrollo de API RESTful #99,Desarrollar una API RESTful para que el sistema pueda interactuar con otras aplicaciones. Esto se refiere a la tarea #99 en el proyecto de desarrollo.,1,2025-01-14,2025-02-06
Desarrollo de la página de inicio #100,Desarrollar la interfaz de usuario de la página de inicio con un diseño atractivo y accesible. Esto se refiere a la tarea #100 en el proyecto de desarrollo.,1,2025-01-20,2025-02-06
Optimización de consultas SQL #101,Optimizar las consultas SQL para mejorar el rendimiento de la aplicación. Esto se refiere a la tarea #101 en el proyecto de desarrollo.,1,2025-01-17,2025-02-05
Revisión de código de backend #102,Revisar el código del backend para detectar posibles errores y mejorar la eficiencia. Esto se refiere a la tarea #102 en el proyecto de desarrollo.,1,2025-01-13,2025-02-04
Desarrollo de API RESTful #103,Desarrollar una API RESTful para que el sistema pueda interactuar con otras aplicaciones. Esto se refiere a la tarea #103 en el proyecto de desarrollo.,1,2025-01-27,2025-02-05
Pruebas de integración #104,Realizar pruebas de integración para asegurar que todos los servicios funcionen correctamente en conjunto. Esto se refiere a la tarea #104 en el proyecto de desarrollo.,1,2025-01-16,2025-02-02
Desarrollo de funcionalidades de usuario #105,"Crear las funcionalidades de usuario para permitir el registro, inicio de sesión y gestión de perfiles. Esto se refiere a la tarea #105 en el proyecto de desarrollo.",1,2025-01-03,2025-02-11
Desarrollo de la página de inicio #106,Desarrollar la interfaz de usuario de la página de inicio con un diseño atractivo y accesible. Esto se refiere a la tarea #106 en el proyecto de desarrollo.,1,2025-01-21,2025-02-07
Revisión de código de backend #107,Revisar el código del backend para detectar posibles errores y mejorar la eficiencia. Esto se refiere a la tarea #107 en el proyecto de desarrollo.,1,2025-01-29,2025-02-14
Pruebas de integración #108,Realizar pruebas de integración para asegurar que todos los servicios funcionen correctamente en conjunto. Esto se refiere a la tarea #108 en el proyecto de desarrollo.,1,2025-01-04,2025-02-10
Revisión de código de backend #109,Revisar el código del backend para detectar posibles errores y mejorar la eficiencia. Esto se refiere a la tarea #109 en el proyecto de desarrollo.,1,2025-01-27,2025-02-03
Revisión de código de backend #110,Revisar el código del backend para detectar posibles errores y mejorar la eficiencia. Esto se refiere a la tarea #110 en el proyecto de desarrollo.,1,2025-01-29,2025-02-09
Desarrollo de funcionalidades de usuario #111,"Crear las funcionalidades de usuario para permitir el registro, inicio de sesión y gestión de perfiles. Esto se refiere a la tarea #111 en el proyecto de desarrollo.",1,2025-01-21,2025-02-01
Configuración de servidor #112,Configurar el servidor para que los usuarios puedan acceder a la aplicación de forma segura. Esto se refiere a la tarea #112 en el proyecto de desarrollo.,1,2025-01-20,2025-02-11
Mantenimiento de servidor de producción #113,Realizar el mantenimiento regular del servidor para garantizar que funcione de manera eficiente. Esto se refiere a la tarea #113 en el proyecto de desarrollo.,1,2025-01-08,2025-02-03
Revisión de código de backend #114,Revisar el código del backend para detectar posibles errores y mejorar la eficiencia. Esto se refiere a la tarea #114 en el proyecto de desarrollo.,1,2025-01-05,2025-02-10
Desarrollo de funcionalidades de usuario #115,"Crear las funcionalidades de usuario para permitir el registro, inicio de sesión y gestión de perfiles. Esto se refiere a la tarea #115 en el proyecto de desarrollo.",1,2025-01-07,2025-02-11
Pruebas de integración #116,Realizar pruebas de integración para asegurar que todos los servicios funcionen correctamente en conjunto. Esto se refiere a la tarea #116 en el proyecto de desarrollo.,1,2025-01-30,2025-02-08
Auditoría de seguridad #117,Realizar una auditoría de seguridad para identificar posibles vulnerabilidades en la aplicación. Esto se refiere a la tarea #117 en el proyecto de desarrollo.,1,2025-01-05,2025-02-10
Desarrollo de funcionalidades de usuario #118,"Crear las funcionalidades de usuario para permitir el registro, inicio de sesión y gestión de perfiles. Esto se refiere a la tarea #118 en el proyecto de desarrollo.",1,2025-01-30,2025-02-14
Desarrollo de funcionalidades de usuario #119,"Crear las funcionalidades de usuario para permitir el registro, inicio de sesión y gestión de perfiles. Esto se refiere a la tarea #119 en el proyecto de desarrollo.",1,2025-01-27,2025-02-11
Configuración de servidor #120,Configurar el servidor para que los usuarios puedan acceder a la aplicación de forma segura. Esto se refiere a la tarea #120 en el proyecto de desarrollo.,1,2025-01-16,2025-02-07
Mantenimiento de servidor de producción #121,Realizar el mantenimiento regular del servidor para garantizar que funcione de manera eficiente. Esto se refiere a la tarea #121 en el proyecto de desarrollo.,1,2025-01-29,2025-02-07
Auditoría de seguridad #122,Realizar una auditoría de seguridad para identificar posibles vulnerabilidades en la aplicación. Esto se refiere a la tarea #122 en el proyecto de desarrollo.,1,2025-01-09,2025-02-11
Optimización de consultas SQL #123,Optimizar las consultas SQL para mejorar el rendimiento de la aplicación. Esto se refiere a la tarea #123 en el proyecto de desarrollo.,1,2025-01-15,2025-02-05
Desarrollo de API RESTful #124,Desarrollar una API RESTful para que el sistema pueda interactuar con otras aplicaciones. Esto se refiere a la tarea #124 en el proyecto de desarrollo.,1,2025-01-29,2025-02-09
Mantenimiento de servidor de producción #125,Realizar el mantenimiento regular del servidor para garantizar que funcione de manera eficiente. Esto se refiere a la tarea #125 en el proyecto de desarrollo.,1,2025-01-29,2025-02-10
Auditoría de seguridad #126,Realizar una auditoría de seguridad para identificar posibles vulnerabilidades en la aplicación. Esto se refiere a la tarea #126 en el proyecto de desarrollo.,1,2025-01-28,2025-02-08
Pruebas de integración #127,Realizar pruebas de integración para asegurar que todos los servicios funcionen correctamente en conjunto. Esto se refiere a la tarea #127 en el proyecto de desarrollo.,1,2025-01-13,2025-02-09
Desarrollo de la página de inicio #128,Desarrollar la interfaz de usuario de la página de inicio con un diseño atractivo y accesible. Esto se refiere a la tarea #128 en el proyecto de desarrollo.,1,2025-01-11,2025-02-12
Desarrollo de la página de inicio #129,Desarrollar la interfaz de usuario de la página de inicio con un diseño atractivo y accesible. Esto se refiere a la tarea #129 en el proyecto de desarrollo.,1,2025-01-15,2025-02-07
Integración de base de datos #130,Configurar la base de datos y conectar las tablas necesarias para el sistema de gestión. Esto se refiere a la tarea #130 en el proyecto de desarrollo.,1,2025-01-07,2025-02-13
Optimización de consultas SQL #131,Optimizar las consultas SQL para mejorar el rendimiento de la aplicación. Esto se refiere a la tarea #131 en el proyecto de desarrollo.,1,2025-01-15,2025-02-05
Desarrollo de API RESTful #132,Desarrollar una API RESTful para que el sistema pueda interactuar con otras aplicaciones. Esto se refiere a la tarea #132 en el proyecto de desarrollo.,1,2025-01-19,2025-02-04
Integración de base de datos #133,Configurar la base de datos y conectar las tablas necesarias para el sistema de gestión. Esto se refiere a la tarea #133 en el proyecto de desarrollo.,1,2025-01-01,2025-02-02
Desarrollo de API RESTful #134,Desarrollar una API RESTful para que el sistema pueda interactuar con otras aplicaciones. Esto se refiere a la tarea #134 en el proyecto de desarrollo.,1,2025-01-10,2025-02-07
Integración de base de datos #135,Configurar la base de datos y conectar las tablas necesarias para el sistema de gestión. Esto se refiere a la tarea #135 en el proyecto de desarrollo.,1,2025-01-21,2025-02-07
Desarrollo de API RESTful #136,Desarrollar una API RESTful para que el sistema pueda interactuar con otras aplicaciones. Esto se refiere a la tarea #136 en el proyecto de desarrollo.,1,2025-01-03,2025-02-09
Desarrollo de API RESTful #137,Desarrollar una API RESTful para que el sistema pueda interactuar con otras aplicaciones. Esto se refiere a la tarea #137 en el proyecto de desarrollo.,1,2025-01-26,2025-02-13
Integración de base de datos #138,Configurar la base de datos y conectar las tablas necesarias para el sistema de gestión. Esto se refiere a la tarea #138 en el proyecto de desarrollo.,1,2025-01-29,2025-02-02
Optimización de consultas SQL #139,Optimizar las consultas SQL para mejorar el rendimiento de la aplicación. Esto se refiere a la tarea #139 en el proyecto de desarrollo.,1,2025-01-30,2025-02-01
Optimización de consultas SQL #140,Optimizar las consultas SQL para mejorar el rendimiento de la aplicación. Esto se refiere a la tarea #140 en el proyecto de desarrollo.,1,2025-01-03,2025-02-10
Optimización de consultas SQL #141,Optimizar las consultas SQL para mejorar el rendimiento de la aplicación. Esto se refiere a la tarea #141 en el proyecto de desarrollo.,1,2025-01-14,2025-02-14
Revisión de código de backend #142,Revisar el código del backend para detectar posibles errores y mejorar la eficiencia. Esto se refiere a la tarea #142 en el proyecto de desarrollo.,1,2025-01-25,2025-02-12
Configuración de servidor #143,Configurar el servidor para que los usuarios puedan acceder a la aplicación de forma segura. Esto se refiere a la tarea #143 en el proyecto de desarrollo.,1,2025-01-24,2025-02-02
Desarrollo de funcionalidades de usuario #144,"Crear las funcionalidades de usuario para permitir el registro, inicio de sesión y gestión de perfiles. Esto se refiere a la tarea #144 en el proyecto de desarrollo.",1,2025-01-19,2025-02-07
Configuración de servidor #145,Configurar el servidor para que los usuarios puedan acceder a la aplicación de forma segura. Esto se refiere a la tarea #145 en el proyecto de desarrollo.,1,2025-01-28,2025-02-04
Desarrollo de API RESTful #146,Desarrollar una API RESTful para que el sistema pueda interactuar con otras aplicaciones. Esto se refiere a la tarea #146 en el proyecto de desarrollo.,1,2025-01-19,2025-02-11
Desarrollo de la página de inicio #147,Desarrollar la interfaz de usuario de la página de inicio con un diseño atractivo y accesible. Esto se refiere a la tarea #147 en el proyecto de desarrollo.,1,2025-01-17,2025-02-11
Pruebas de integración #148,Realizar pruebas de integración para asegurar que todos los servicios funcionen correctamente en conjunto. Esto se refiere a la tarea #148 en el proyecto de desarrollo.,1,2025-01-01,2025-02-12
Revisión de código de backend #149,Revisar el código del backend para detectar posibles errores y mejorar la eficiencia. Esto se refiere a la tarea #149 en el proyecto de desarrollo.,1,2025-01-24,2025-02-05
Revisión de código de backend #150,Revisar el código del backend para detectar posibles errores y mejorar la eficiencia. Esto se refiere a la tarea #150 en el proyecto de desarrollo.,1,2025-01-27,2025-02-13
Revisión de código de backend #151,Revisar el código del backend para detectar posibles errores y mejorar la eficiencia. Esto se refiere a la tarea #151 en el proyecto de desarrollo.,1,2025-01-04,2025-02-04
Revisión de código de backend #152,Revisar el código del backend para detectar posibles errores y mejorar la eficiencia. Esto se refiere a la tarea #152 en el proyecto de desarrollo.,1,2025-01-19,2025-02-09
Revisión de código de backend #153,Revisar el código del backend para detectar posibles errores y mejorar la eficiencia. Esto se refiere a la tarea #153 en el proyecto de desarrollo.,1,2025-01-01,2025-02-04
Auditoría de seguridad #154,Realizar una auditoría de seguridad para identificar posibles vulnerabilidades en la aplicación. Esto se refiere a la tarea #154 en el proyecto de desarrollo.,1,2025-01-07,2025-02-06
Pruebas de integración #155,Realizar pruebas de integración para asegurar que todos los servicios funcionen correctamente en conjunto. Esto se refiere a la tarea #155 en el proyecto de desarrollo.,1,2025-01-22,2025-02-01
Auditoría de seguridad #156,Realizar una auditoría de seguridad para identificar posibles vulnerabilidades en la aplicación. Esto se refiere a la tarea #156 en el proyecto de desarrollo.,1,2025-01-24,2025-02-01
Auditoría de seguridad #157,Realizar una auditoría de seguridad para identificar posibles vulnerabilidades en la aplicación. Esto se refiere a la tarea #157 en el proyecto de desarrollo.,1,2025-01-26,2025-02-12
Desarrollo de funcionalidades de usuario #158,"Crear las funcionalidades de usuario para permitir el registro, inicio de sesión y gestión de perfiles. Esto se refiere a la tarea #158 en el proyecto de desarrollo.",1,2025-01-30,2025-02-08
Desarrollo de la página de inicio #159,Desarrollar la interfaz de usuario de la página de inicio con un diseño atractivo y accesible. Esto se refiere a la tarea #159 en el proyecto de desarrollo.,1,2025-01-07,2025-02-01
Mantenimiento de servidor de producción #160,Realizar el mantenimiento regular del servidor para garantizar que funcione de manera eficiente. Esto se refiere a la tarea #160 en el proyecto de desarrollo.,1,2025-01-29,2025-02-04
Auditoría de seguridad #161,Realizar una auditoría de seguridad para identificar posibles vulnerabilidades en la aplicación. Esto se refiere a la tarea #161 en el proyecto de desarrollo.,1,2025-01-29,2025-02-08
Auditoría de seguridad #162,Realizar una auditoría de seguridad para identificar posibles vulnerabilidades en la aplicación. Esto se refiere a la tarea #162 en el proyecto de desarrollo.,1,2025-01-08,2025-02-03
Pruebas de integración #163,Realizar pruebas de integración para asegurar que todos los servicios funcionen correctamente en conjunto. Esto se refiere a la tarea #163 en el proyecto de desarrollo.,1,2025-01-09,2025-02-04
Configuración de servidor #164,Configurar el servidor para que los usuarios puedan acceder a la aplicación de forma segura. Esto se refiere a la tarea #164 en el proyecto de desarrollo.,1,2025-01-26,2025-02-09
Optimización de consultas SQL #165,Optimizar las consultas SQL para mejorar el rendimiento de la aplicación. Esto se refiere a la tarea #165 en el proyecto de desarrollo.,1,2025-01-29,2025-02-07
Auditoría de seguridad #166,Realizar una auditoría de seguridad para identificar posibles vulnerabilidades en la aplicación. Esto se refiere a la tarea #166 en el proyecto de desarrollo.,1,2025-01-27,2025-02-10
Revisión de código de backend #167,Revisar el código del backend para detectar posibles errores y mejorar la eficiencia. Esto se refiere a la tarea #167 en el proyecto de desarrollo.,1,2025-01-03,2025-02-14
Revisión de código de backend #168,Revisar el código del backend para detectar posibles errores y mejorar la eficiencia. Esto se refiere a la tarea #168 en el proyecto de desarrollo.,1,2025-01-02,2025-02-12
Optimización de consultas SQL #169,Optimizar las consultas SQL para mejorar el rendimiento de la aplicación. Esto se refiere a la tarea #169 en el proyecto de desarrollo.,1,2025-01-10,2025-02-01
Optimización de consultas SQL #170,Optimizar las consultas SQL para mejorar el rendimiento de la aplicación. Esto se refiere a la tarea #170 en el proyecto de desarrollo.,1,2025-01-23,2025-02-07
Revisión de código de backend #171,Revisar el código del backend para detectar posibles errores y mejorar la eficiencia. Esto se refiere a la tarea #171 en el proyecto de desarrollo.,1,2025-01-17,2025-02-05
Desarrollo de API RESTful #172,Desarrollar una API RESTful para que el sistema pueda interactuar con otras aplicaciones. Esto se refiere a la tarea #172 en el proyecto de desarrollo.,1,2025-01-02,2025-02-02
Configuración de servidor #173,Configurar el servidor para que los usuarios puedan acceder a la aplicación de forma segura. Esto se refiere a la tarea #173 en el proyecto de desarrollo.,1,2025-01-22,2025-02-03
Revisión de código de backend #174,Revisar el código del backend para detectar posibles errores y mejorar la eficiencia. Esto se refiere a la tarea #174 en el proyecto de desarrollo.,1,2025-01-01,2025-02-07
Desarrollo de API RESTful #175,Desarrollar una API RESTful para que el sistema pueda interactuar con otras aplicaciones. Esto se refiere a la tarea #175 en el proyecto de desarrollo.,1,2025-01-24,2025-02-14
Desarrollo de funcionalidades de usuario #176,"Crear las funcionalidades de usuario para permitir el registro, inicio de sesión y gestión de perfiles. Esto se refiere a la tarea #176 en el proyecto de desarrollo.",1,2025-01-28,2025-02-11
Optimización de consultas SQL #177,Optimizar las consultas SQL para mejorar el rendimiento de la aplicación. Esto se refiere a la tarea #177 en el proyecto de desarrollo.,1,2025-01-07,2025-02-03
Auditoría de seguridad #178,Realizar una auditoría de seguridad para identificar posibles vulnerabilidades en la aplicación. Esto se refiere a la tarea #178 en el proyecto de desarrollo.,1,2025-01-22,2025-02-01
Pruebas de integración #179,Realizar pruebas de integración para asegurar que todos los servicios funcionen correctamente en conjunto. Esto se refiere a la tarea #179 en el proyecto de desarrollo.,1,2025-01-29,2025-02-02
Desarrollo de funcionalidades de usuario #180,"Crear las funcionalidades de usuario para permitir el registro, inicio de sesión y gestión de perfiles. Esto se refiere a la tarea #180 en el proyecto de desarrollo.",1,2025-01-28,2025-02-14
Desarrollo de funcionalidades de usuario #181,"Crear las funcionalidades de usuario para permitir el registro, inicio de sesión y gestión de perfiles. Esto se refiere a la tarea #181 en el proyecto de desarrollo.",1,2025-01-12,2025-02-14
Pruebas de integración #182,Realizar pruebas de integración para asegurar que todos los servicios funcionen correctamente en conjunto. Esto se refiere a la tarea #182 en el proyecto de desarrollo.,1,2025-01-07,2025-02-05
Pruebas de integración #183,Realizar pruebas de integración para asegurar que todos los servicios funcionen correctamente en conjunto. Esto se refiere a la tarea #183 en el proyecto de desarrollo.,1,2025-01-08,2025-02-13
Auditoría de seguridad #184,Realizar una auditoría de seguridad para identificar posibles vulnerabilidades en la aplicación. Esto se refiere a la tarea #184 en el proyecto de desarrollo.,1,2025-01-14,2025-02-05
Optimización de consultas SQL #185,Optimizar las consultas SQL para mejorar el rendimiento de la aplicación. Esto se refiere a la tarea #185 en el proyecto de desarrollo.,1,2025-01-26,2025-02-04
Integración de base de datos #186,Configurar la base de datos y conectar las tablas necesarias para el sistema de gestión. Esto se refiere a la tarea #186 en el proyecto de desarrollo.,1,2025-01-12,2025-02-07
Optimización de consultas SQL #187,Optimizar las consultas SQL para mejorar el rendimiento de la aplicación. Esto se refiere a la tarea #187 en el proyecto de desarrollo.,1,2025-01-07,2025-02-08
Desarrollo de la página de inicio #188,Desarrollar la interfaz de usuario de la página de inicio con un diseño atractivo y accesible. Esto se refiere a la tarea #188 en el proyecto de desarrollo.,1,2025-01-30,2025-02-13
Desarrollo de funcionalidades de usuario #189,"Crear las funcionalidades de usuario para permitir el registro, inicio de sesión y gestión de perfiles. Esto se refiere a la tarea #189 en el proyecto de desarrollo.",1,2025-01-14,2025-02-02
Revisión de código de backend #190,Revisar el código del backend para detectar posibles errores y mejorar la eficiencia. Esto se refiere a la tarea #190 en el proyecto de desarrollo.,1,2025-01-09,2025-02-10
Desarrollo de funcionalidades de usuario #191,"Crear las funcionalidades de usuario para permitir el registro, inicio de sesión y gestión de perfiles. Esto se refiere a la tarea #191 en el proyecto de desarrollo.",1,2025-01-25,2025-02-13
Pruebas de integración #192,Realizar pruebas de integración para asegurar que todos los servicios funcionen correctamente en conjunto. Esto se refiere a la tarea #192 en el proyecto de desarrollo.,1,2025-01-01,2025-02-10
Revisión de código de backend #193,Revisar el código del backend para detectar posibles errores y mejorar la eficiencia. Esto se refiere a la tarea #193 en el proyecto de desarrollo.,1,2025-01-03,2025-02-03
Desarrollo de API RESTful #194,Desarrollar una API RESTful para que el sistema pueda interactuar con otras aplicaciones. Esto se refiere a la tarea #194 en el proyecto de desarrollo.,1,2025-01-12,2025-02-14
Integración de base de datos #195,Configurar la base de datos y conectar las tablas necesarias para el sistema de gestión. Esto se refiere a la tarea #195 en el proyecto de desarrollo.,1,2025-01-08,2025-02-13
Revisión de código de backend #196,Revisar el código del backend para detectar posibles errores y mejorar la eficiencia. Esto se refiere a la tarea #196 en el proyecto de desarrollo.,1,2025-01-22,2025-02-13
Pruebas de integración #197,Realizar pruebas de integración para asegurar que todos los servicios funcionen correctamente en conjunto. Esto se refiere a la tarea #197 en el proyecto de desarrollo.,1,2025-01-13,2025-02-14
Revisión de código de backend #198,Revisar el código del backend para detectar posibles errores y mejorar la eficiencia. Esto se refiere a la tarea #198 en el proyecto de desarrollo.,1,2025-01-21,2025-02-09
Pruebas de integración #199,Realizar pruebas de integración para asegurar que todos los servicios funcionen correctamente en conjunto. Esto se refiere a la tarea #199 en el proyecto de desarrollo.,1,2025-01-20,2025-02-04
Auditoría de seguridad #200,Realizar una auditoría de seguridad para identificar posibles vulnerabilidades en la aplicación. Esto se refiere a la tarea #200 en el proyecto de desarrollo.,1,2025-01-14,2025-02-12
Desarrollo de funcionalidades de usuario #201,"Crear las funcionalidades de usuario para permitir el registro, inicio de sesión y gestión de perfiles. Esto se refiere a la tarea #201 en el proyecto de desarrollo.",1,2025-01-03,2025-02-01
Desarrollo de API RESTful #202,Desarrollar una API RESTful para que el sistema pueda interactuar con otras aplicaciones. Esto se refiere a la tarea #202 en el proyecto de desarrollo.,1,2025-01-14,2025-02-08
Auditoría de seguridad #203,Realizar una auditoría de seguridad para identificar posibles vulnerabilidades en la aplicación. Esto se refiere a la tarea #203 en el proyecto de desarrollo.,1,2025-01-30,2025-02-12
Mantenimiento de servidor de producción #204,Realizar el mantenimiento regular del servidor para garantizar que funcione de manera eficiente. Esto se refiere a la tarea #204 en el proyecto de desarrollo.,1,2025-01-30,2025-02-03
Revisión de código de backend #205,Revisar el código del backend para detectar posibles errores y mejorar la eficiencia. Esto se refiere a la tarea #205 en el proyecto de desarrollo.,1,2025-01-21,2025-02-10
Configuración de servidor #206,Configurar el servidor para que los usuarios puedan acceder a la aplicación de forma segura. Esto se refiere a la tarea #206 en el proyecto de desarrollo.,1,2025-01-07,2025-02-09
Integración de base de datos #207,Configurar la base de datos y conectar las tablas necesarias para el sistema de gestión. Esto se refiere a la tarea #207 en el proyecto de desarrollo.,1,2025-01-03,2025-02-01
Configuración de servidor #208,Configurar el servidor para que los usuarios puedan acceder a la aplicación de forma segura. Esto se refiere a la tarea #208 en el proyecto de desarrollo.,1,2025-01-08,2025-02-06
Revisión de código de backend #209,Revisar el código del backend para detectar posibles errores y mejorar la eficiencia. Esto se refiere a la tarea #209 en el proyecto de desarrollo.,1,2025-01-03,2025-02-08
Desarrollo de la página de inicio #210,Desarrollar la interfaz de usuario de la página de inicio con un diseño atractivo y accesible. Esto se refiere a la tarea #210 en el proyecto de desarrollo.,1,2025-01-28,2025-02-06
Desarrollo de API RESTful #211,Desarrollar una API RESTful para que el sistema pueda interactuar con otras aplicaciones. Esto se refiere a la tarea #211 en el proyecto de desarrollo.,1,2025-01-15,2025-02-02
Optimización de consultas SQL #212,Optimizar las consultas SQL para mejorar el rendimiento de la aplicación. Esto se refiere a la tarea #212 en el proyecto de desarrollo.,1,2025-01-20,2025-02-13
Optimización de consultas SQL #213,Optimizar las consultas SQL para mejorar el rendimiento de la aplicación. Esto se refiere a la tarea #213 en el proyecto de desarrollo.,1,2025-01-27,2025-02-03
Desarrollo de funcionalidades de usuario #214,"Crear las funcionalidades de usuario para permitir el registro, inicio de sesión y gestión de perfiles. Esto se refiere a la tarea #214 en el proyecto de desarrollo.",1,2025-01-13,2025-02-06
Desarrollo de funcionalidades de usuario #215,"Crear las funcionalidades de usuario para permitir el registro, inicio de sesión y gestión de perfiles. Esto se refiere a la tarea #215 en el proyecto de desarrollo.",1,2025-01-07,2025-02-12
Optimización de consultas SQL #216,Optimizar las consultas SQL para mejorar el rendimiento de la aplicación. Esto se refiere a la tarea #216 en el proyecto de desarrollo.,1,2025-01-29,2025-02-14
Pruebas de integración #217,Realizar pruebas de integración para asegurar que todos los servicios funcionen correctamente en conjunto. Esto se refiere a la tarea #217 en el proyecto de desarrollo.,1,2025-01-27,2025-02-07
Optimización de consultas SQL #218,Optimizar las consultas SQL para mejorar el rendimiento de la aplicación. Esto se refiere a la tarea #218 en el proyecto de desarrollo.,1,2025-01-05,2025-02-14
Desarrollo de la página de inicio #219,Desarrollar la interfaz de usuario de la página de inicio con un diseño atractivo y accesible. Esto se refiere a la tarea #219 en el proyecto de desarrollo.,1,2025-01-19,2025-02-06
Auditoría de seguridad #220,Realizar una auditoría de seguridad para identificar posibles vulnerabilidades en la aplicación. Esto se refiere a la tarea #220 en el proyecto de desarrollo.,1,2025-01-16,2025-02-13
Revisión de código de backend #221,Revisar el código del backend para detectar posibles errores y mejorar la eficiencia. Esto se refiere a la tarea #221 en el proyecto de desarrollo.,1,2025-01-08,2025-02-07
Desarrollo de la página de inicio #222,Desarrollar la interfaz de usuario de la página de inicio con un diseño atractivo y accesible. Esto se refiere a la tarea #222 en el proyecto de desarrollo.,1,2025-01-25,2025-02-02
Desarrollo de API RESTful #223,Desarrollar una API RESTful para que el sistema pueda interactuar con otras aplicaciones. Esto se refiere a la tarea #223 en el proyecto de desarrollo.,1,2025-01-11,2025-02-02
Desarrollo de funcionalidades de usuario #224,"Crear las funcionalidades de usuario para permitir el registro, inicio de sesión y gestión de perfiles. Esto se refiere a la tarea #224 en el proyecto de desarrollo.",1,2025-01-16,2025-02-05
Desarrollo de API RESTful #225,Desarrollar una API RESTful para que el sistema pueda interactuar con otras aplicaciones. Esto se refiere a la tarea #225 en el proyecto de desarrollo.,1,2025-01-01,2025-02-09
Desarrollo de la página de inicio #226,Desarrollar la interfaz de usuario de la página de inicio con un diseño atractivo y accesible. Esto se refiere a la tarea #226 en el proyecto de desarrollo.,1,2025-01-11,2025-02-06
Desarrollo de la página de inicio #227,Desarrollar la interfaz de usuario de la página de inicio con un diseño atractivo y accesible. Esto se refiere a la tarea #227 en el proyecto de desarrollo.,1,2025-01-08,2025-02-11
Desarrollo de API RESTful #228,Desarrollar una API RESTful para que el sistema pueda interactuar con otras aplicaciones. Esto se refiere a la tarea #228 en el proyecto de desarrollo.,1,2025-01-10,2025-02-08
Revisión de código de backend #229,Revisar el código del backend para detectar posibles errores y mejorar la eficiencia. Esto se refiere a la tarea #229 en el proyecto de desarrollo.,1,2025-01-14,2025-02-07
Pruebas de integración #230,Realizar pruebas de integración para asegurar que todos los servicios funcionen correctamente en conjunto. Esto se refiere a la tarea #230 en el proyecto de desarrollo.,1,2025-01-01,2025-02-07
Desarrollo de API RESTful #231,Desarrollar una API RESTful para que el sistema pueda interactuar con otras aplicaciones. Esto se refiere a la tarea #231 en el proyecto de desarrollo.,1,2025-01-12,2025-02-01
Optimización de consultas SQL #232,Optimizar las consultas SQL para mejorar el rendimiento de la aplicación. Esto se refiere a la tarea #232 en el proyecto de desarrollo.,1,2025-01-30,2025-02-08
Pruebas de integración #233,Realizar pruebas de integración para asegurar que todos los servicios funcionen correctamente en conjunto. Esto se refiere a la tarea #233 en el proyecto de desarrollo.,1,2025-01-24,2025-02-07
Integración de base de datos #234,Configurar la base de datos y conectar las tablas necesarias para el sistema de gestión. Esto se refiere a la tarea #234 en el proyecto de desarrollo.,1,2025-01-05,2025-02-02
Configuración de servidor #235,Configurar el servidor para que los usuarios puedan acceder a la aplicación de forma segura. Esto se refiere a la tarea #235 en el proyecto de desarrollo.,1,2025-01-11,2025-02-13
Integración de base de datos #236,Configurar la base de datos y conectar las tablas necesarias para el sistema de gestión. Esto se refiere a la tarea #236 en el proyecto de desarrollo.,1,2025-01-21,2025-02-13
Mantenimiento de servidor de producción #237,Realizar el mantenimiento regular del servidor para garantizar que funcione de manera eficiente. Esto se refiere a la tarea #237 en el proyecto de desarrollo.,1,2025-01-13,2025-02-06
Integración de base de datos #238,Configurar la base de datos y conectar las tablas necesarias para el sistema de gestión. Esto se refiere a la tarea #238 en el proyecto de desarrollo.,1,2025-01-21,2025-02-06
Integración de base de datos #239,Configurar la base de datos y conectar las tablas necesarias para el sistema de gestión. Esto se refiere a la tarea #239 en el proyecto de desarrollo.,1,2025-01-10,2025-02-12
Mantenimiento de servidor de producción #240,Realizar el mantenimiento regular del servidor para garantizar que funcione de manera eficiente. Esto se refiere a la tarea #240 en el proyecto de desarrollo.,1,2025-01-11,2025-02-13
Pruebas de integración #241,Realizar pruebas de integración para asegurar que todos los servicios funcionen correctamente en conjunto. Esto se refiere a la tarea #241 en el proyecto de desarrollo.,1,2025-01-15,2025-02-11
Revisión de código de backend #242,Revisar el código del backend para detectar posibles errores y mejorar la eficiencia. Esto se refiere a la tarea #242 en el proyecto de desarrollo.,1,2025-01-15,2025-02-05
Pruebas de integración #243,Realizar pruebas de integración para asegurar que todos los servicios funcionen correctamente en conjunto. Esto se refiere a la tarea #243 en el proyecto de desarrollo.,1,2025-01-19,2025-02-09
Auditoría de seguridad #244,Realizar una auditoría de seguridad para identificar posibles vulnerabilidades en la aplicación. Esto se refiere a la tarea #244 en el proyecto de desarrollo.,1,2025-01-18,2025-02-05
Pruebas de integración #245,Realizar pruebas de integración para asegurar que todos los servicios funcionen correctamente en conjunto. Esto se refiere a la tarea #245 en el proyecto de desarrollo.,1,2025-01-11,2025-02-09
Revisión de código de backend #246,Revisar el código del backend para detectar posibles errores y mejorar la eficiencia. Esto se refiere a la tarea #246 en el proyecto de desarrollo.,1,2025-01-04,2025-02-04
Desarrollo de la página de inicio #247,Desarrollar la interfaz de usuario de la página de inicio con un diseño atractivo y accesible. Esto se refiere a la tarea #247 en el proyecto de desarrollo.,1,2025-01-08,2025-02-11
Integración de base de datos #248,Configurar la base de datos y conectar las tablas necesarias para el sistema de gestión. Esto se refiere a la tarea #248 en el proyecto de desarrollo.,1,2025-01-11,2025-02-10
Desarrollo de la página de inicio #249,Desarrollar la interfaz de usuario de la página de inicio con un diseño atractivo y accesible. Esto se refiere a la tarea #249 en el proyecto de desarrollo.,1,2025-01-11,2025-02-01
Optimización de consultas SQL #250,Optimizar las consultas SQL para mejorar el rendimiento de la aplicación. Esto se refiere a la tarea #250 en el proyecto de desarrollo.,1,2025-01-10,2025-02-13
Optimización de consultas SQL #251,Optimizar las consultas SQL para mejorar el rendimiento de la aplicación. Esto se refiere a la tarea #251 en el proyecto de desarrollo.,1,2025-01-27,2025-02-03
Desarrollo de funcionalidades de usuario #252,"Crear las funcionalidades de usuario para permitir el registro, inicio de sesión y gestión de perfiles. Esto se refiere a la tarea #252 en el proyecto de desarrollo.",1,2025-01-24,2025-02-10
Configuración de servidor #253,Configurar el servidor para que los usuarios puedan acceder a la aplicación de forma segura. Esto se refiere a la tarea #253 en el proyecto de desarrollo.,1,2025-01-15,2025-02-03
Optimización de consultas SQL #254,Optimizar las consultas SQL para mejorar el rendimiento de la aplicación. Esto se refiere a la tarea #254 en el proyecto de desarrollo.,1,2025-01-02,2025-02-08
Desarrollo de la página de inicio #255,Desarrollar la interfaz de usuario de la página de inicio con un diseño atractivo y accesible. Esto se refiere a la tarea #255 en el proyecto de desarrollo.,1,2025-01-08,2025-02-02
Optimización de consultas SQL #256,Optimizar las consultas SQL para mejorar el rendimiento de la aplicación. Esto se refiere a la tarea #256 en el proyecto de desarrollo.,1,2025-01-23,2025-02-02
Integración de base de datos #257,Configurar la base de datos y conectar las tablas necesarias para el sistema de gestión. Esto se refiere a la tarea #257 en el proyecto de desarrollo.,1,2025-01-11,2025-02-12
Auditoría de seguridad #258,Realizar una auditoría de seguridad para identificar posibles vulnerabilidades en la aplicación. Esto se refiere a la tarea #258 en el proyecto de desarrollo.,1,2025-01-21,2025-02-01
Mantenimiento de servidor de producción #259,Realizar el mantenimiento regular del servidor para garantizar que funcione de manera eficiente. Esto se refiere a la tarea #259 en el proyecto de desarrollo.,1,2025-01-07,2025-02-02
Optimización de consultas SQL #260,Optimizar las consultas SQL para mejorar el rendimiento de la aplicación. Esto se refiere a la tarea #260 en el proyecto de desarrollo.,1,2025-01-30,2025-02-08
Optimización de consultas SQL #261,Optimizar las consultas SQL para mejorar el rendimiento de la aplicación. Esto se refiere a la tarea #261 en el proyecto de desarrollo.,1,2025-01-08,2025-02-02
Desarrollo de funcionalidades de usuario #262,"Crear las funcionalidades de usuario para permitir el registro, inicio de sesión y gestión de perfiles. Esto se refiere a la tarea #262 en el proyecto de desarrollo.",1,2025-01-20,2025-02-13
Desarrollo de API RESTful #263,Desarrollar una API RESTful para que el sistema pueda interactuar con otras aplicaciones. Esto se refiere a la tarea #263 en el proyecto de desarrollo.,1,2025-01-23,2025-02-12
Optimización de consultas SQL #264,Optimizar las consultas SQL para mejorar el rendimiento de la aplicación. Esto se refiere a la tarea #264 en el proyecto de desarrollo.,1,2025-01-11,2025-02-06
Revisión de código de backend #265,Revisar el código del backend para detectar posibles errores y mejorar la eficiencia. Esto se refiere a la tarea #265 en el proyecto de desarrollo.,1,2025-01-20,2025-02-03
Desarrollo de funcionalidades de usuario #266,"Crear las funcionalidades de usuario para permitir el registro, inicio de sesión y gestión de perfiles. Esto se refiere a la tarea #266 en el proyecto de desarrollo.",1,2025-01-04,2025-02-12
Desarrollo de funcionalidades de usuario #267,"Crear las funcionalidades de usuario para permitir el registro, inicio de sesión y gestión de perfiles. Esto se refiere a la tarea #267 en el proyecto de desarrollo.",1,2025-01-21,2025-02-02
Optimización de consultas SQL #268,Optimizar las consultas SQL para mejorar el rendimiento de la aplicación. Esto se refiere a la tarea #268 en el proyecto de desarrollo.,1,2025-01-23,2025-02-05
Configuración de servidor #269,Configurar el servidor para que los usuarios puedan acceder a la aplicación de forma segura. Esto se refiere a la tarea #269 en el proyecto de desarrollo.,1,2025-01-15,2025-02-10
Desarrollo de funcionalidades de usuario #270,"Crear las funcionalidades de usuario para permitir el registro, inicio de sesión y gestión de perfiles. Esto se refiere a la tarea #270 en el proyecto de desarrollo.",1,2025-01-12,2025-02-14
Integración de base de datos #271,Configurar la base de datos y conectar las tablas necesarias para el sistema de gestión. Esto se refiere a la tarea #271 en el proyecto de desarrollo.,1,2025-01-29,2025-02-10
Revisión de código de backend #272,Revisar el código del backend para detectar posibles errores y mejorar la eficiencia. Esto se refiere a la tarea #272 en el proyecto de desarrollo.,1,2025-01-12,2025-02-02
Integración de base de datos #273,Configurar la base de datos y conectar las tablas necesarias para el sistema de gestión. Esto se refiere a la tarea #273 en el proyecto de desarrollo.,1,2025-01-07,2025-02-06
Integración de base de datos #274,Configurar la base de datos y conectar las tablas necesarias para el sistema de gestión. Esto se refiere a la tarea #274 en el proyecto de desarrollo.,1,2025-01-12,2025-02-14
Optimización de consultas SQL #275,Optimizar las consultas SQL para mejorar el rendimiento de la aplicación. Esto se refiere a la tarea #275 en el proyecto de desarrollo.,1,2025-01-03,2025-02-03
Desarrollo de API RESTful #276,Desarrollar una API RESTful para que el sistema pueda interactuar con otras aplicaciones. Esto se refiere a la tarea #276 en el proyecto de desarrollo.,1,2025-01-20,2025-02-06
Configuración de servidor #277,Configurar el servidor para que los usuarios puedan acceder a la aplicación de forma segura. Esto se refiere a la tarea #277 en el proyecto de desarrollo.,1,2025-01-15,2025-02-12
Integración de base de datos #278,Configurar la base de datos y conectar las tablas necesarias para el sistema de gestión. Esto se refiere a la tarea #278 en el proyecto de desarrollo.,1,2025-01-18,2025-02-06
Auditoría de seguridad #279,Realizar una auditoría de seguridad para identificar posibles vulnerabilidades en la aplicación. Esto se refiere a la tarea #279 en el proyecto de desarrollo.,1,2025-01-07,2025-02-12
Desarrollo de la página de inicio #280,Desarrollar la interfaz de usuario de la página de inicio con un diseño atractivo y accesible. Esto se refiere a la tarea #280 en el proyecto de desarrollo.,1,2025-01-26,2025-02-02
Mantenimiento de servidor de producción #281,Realizar el mantenimiento regular del servidor para garantizar que funcione de manera eficiente. Esto se refiere a la tarea #281 en el proyecto de desarrollo.,1,2025-01-19,2025-02-11
Configuración de servidor #282,Configurar el servidor para que los usuarios puedan acceder a la aplicación de forma segura. Esto se refiere a la tarea #282 en el proyecto de desarrollo.,1,2025-01-29,2025-02-11
Pruebas de integración #283,Realizar pruebas de integración para asegurar que todos los servicios funcionen correctamente en conjunto. Esto se refiere a la tarea #283 en el proyecto de desarrollo.,1,2025-01-15,2025-02-02
Integración de base de datos #284,Configurar la base de datos y conectar las tablas necesarias para el sistema de gestión. Esto se refiere a la tarea #284 en el proyecto de desarrollo.,1,2025-01-30,2025-02-06
Mantenimiento de servidor de producción #285,Realizar el mantenimiento regular del servidor para garantizar que funcione de manera eficiente. Esto se refiere a la tarea #285 en el proyecto de desarrollo.,1,2025-01-07,2025-02-13
Configuración de servidor #286,Configurar el servidor para que los usuarios puedan acceder a la aplicación de forma segura. Esto se refiere a la tarea #286 en el proyecto de desarrollo.,1,2025-01-29,2025-02-05
Configuración de servidor #287,Configurar el servidor para que los usuarios puedan acceder a la aplicación de forma segura. Esto se refiere a la tarea #287 en el proyecto de desarrollo.,1,2025-01-05,2025-02-06
Desarrollo de funcionalidades de usuario #288,"Crear las funcionalidades de usuario para permitir el registro, inicio de sesión y gestión de perfiles. Esto se refiere a la tarea #288 en el proyecto de desarrollo.",1,2025-01-27,2025-02-08
Desarrollo de API RESTful #289,Desarrollar una API RESTful para que el sistema pueda interactuar con otras aplicaciones. Esto se refiere a la tarea #289 en el proyecto de desarrollo.,1,2025-01-22,2025-02-14
Configuración de servidor #290,Configurar el servidor para que los usuarios puedan acceder a la aplicación de forma segura. Esto se refiere a la tarea #290 en el proyecto de desarrollo.,1,2025-01-05,2025-02-12
Revisión de código de backend #291,Revisar el código del backend para detectar posibles errores y mejorar la eficiencia. Esto se refiere a la tarea #291 en el proyecto de desarrollo.,1,2025-01-15,2025-02-09
Pruebas de integración #292,Realizar pruebas de integración para asegurar que todos los servicios funcionen correctamente en conjunto. Esto se refiere a la tarea #292 en el proyecto de desarrollo.,1,2025-01-23,2025-02-04
Desarrollo de la página de inicio #293,Desarrollar la interfaz de usuario de la página de inicio con un diseño atractivo y accesible. Esto se refiere a la tarea #293 en el proyecto de desarrollo.,1,2025-01-27,2025-02-09
Pruebas de integración #294,Realizar pruebas de integración para asegurar que todos los servicios funcionen correctamente en conjunto. Esto se refiere a la tarea #294 en el proyecto de desarrollo.,1,2025-01-18,2025-02-09
Mantenimiento de servidor de producción #295,Realizar el mantenimiento regular del servidor para garantizar que funcione de manera eficiente. Esto se refiere a la tarea #295 en el proyecto de desarrollo.,1,2025-01-12,2025-02-02
Desarrollo de la página de inicio #296,Desarrollar la interfaz de usuario de la página de inicio con un diseño atractivo y accesible. Esto se refiere a la tarea #296 en el proyecto de desarrollo.,1,2025-01-01,2025-02-13
Revisión de código de backend #297,Revisar el código del backend para detectar posibles errores y mejorar la eficiencia. Esto se refiere a la tarea #297 en el proyecto de desarrollo.,1,2025-01-30,2025-02-05
Auditoría de seguridad #298,Realizar una auditoría de seguridad para identificar posibles vulnerabilidades en la aplicación. Esto se refiere a la tarea #298 en el proyecto de desarrollo.,1,2025-01-13,2025-02-02
Desarrollo de funcionalidades de usuario #299,"Crear las funcionalidades de usuario para permitir el registro, inicio de sesión y gestión de perfiles. Esto se refiere a la tarea #299 en el proyecto de desarrollo.",1,2025-01-22,2025-02-06
Auditoría de seguridad #300,Realizar una auditoría de seguridad para identificar posibles vulnerabilidades en la aplicación. Esto se refiere a la tarea #300 en el proyecto de desarrollo.,1,2025-01-22,2025-02-02
Integración de base de datos #301,Configurar la base de datos y conectar las tablas necesarias para el sistema de gestión. Esto se refiere a la tarea #301 en el proyecto de desarrollo.,1,2025-01-07,2025-02-08
Pruebas de integración #302,Realizar pruebas de integración para asegurar que todos los servicios funcionen correctamente en conjunto. Esto se refiere a la tarea #302 en el proyecto de desarrollo.,1,2025-01-18,2025-02-06
Optimización de consultas SQL #303,Optimizar las consultas SQL para mejorar el rendimiento de la aplicación. Esto se refiere a la tarea #303 en el proyecto de desarrollo.,1,2025-01-27,2025-02-02
Integración de base de datos #304,Configurar la base de datos y conectar las tablas necesarias para el sistema de gestión. Esto se refiere a la tarea #304 en el proyecto de desarrollo.,1,2025-01-05,2025-02-08
Revisión de código de backend #305,Revisar el código del backend para detectar posibles errores y mejorar la eficiencia. Esto se refiere a la tarea #305 en el proyecto de desarrollo.,1,2025-01-04,2025-02-02
Desarrollo de API RESTful #306,Desarrollar una API RESTful para que el sistema pueda interactuar con otras aplicaciones. Esto se refiere a la tarea #306 en el proyecto de desarrollo.,1,2025-01-03,2025-02-01
Auditoría de seguridad #307,Realizar una auditoría de seguridad para identificar posibles vulnerabilidades en la aplicación. Esto se refiere a la tarea #307 en el proyecto de desarrollo.,1,2025-01-22,2025-02-05
Mantenimiento de servidor de producción #308,Realizar el mantenimiento regular del servidor para garantizar que funcione de manera eficiente. Esto se refiere a la tarea #308 en el proyecto de desarrollo.,1,2025-01-15,2025-02-01
Auditoría de seguridad #309,Realizar una auditoría de seguridad para identificar posibles vulnerabilidades en la aplicación. Esto se refiere a la tarea #309 en el proyecto de desarrollo.,1,2025-01-29,2025-02-09
Desarrollo de la página de inicio #310,Desarrollar la interfaz de usuario de la página de inicio con un diseño atractivo y accesible. Esto se refiere a la tarea #310 en el proyecto de desarrollo.,1,2025-01-03,2025-02-13
Mantenimiento de servidor de producción #311,Realizar el mantenimiento regular del servidor para garantizar que funcione de manera eficiente. Esto se refiere a la tarea #311 en el proyecto de desarrollo.,1,2025-01-17,2025-02-07
Revisión de código de backend #312,Revisar el código del backend para detectar posibles errores y mejorar la eficiencia. Esto se refiere a la tarea #312 en el proyecto de desarrollo.,1,2025-01-15,2025-02-09
Integración de base de datos #313,Configurar la base de datos y conectar las tablas necesarias para el sistema de gestión. Esto se refiere a la tarea #313 en el proyecto de desarrollo.,1,2025-01-09,2025-02-04
Configuración de servidor #314,Configurar el servidor para que los usuarios puedan acceder a la aplicación de forma segura. Esto se refiere a la tarea #314 en el proyecto de desarrollo.,1,2025-01-06,2025-02-06
Optimización de consultas SQL #315,Optimizar las consultas SQL para mejorar el rendimiento de la aplicación. Esto se refiere a la tarea #315 en el proyecto de desarrollo.,1,2025-01-26,2025-02-11
Desarrollo de la página de inicio #316,Desarrollar la interfaz de usuario de la página de inicio con un diseño atractivo y accesible. Esto se refiere a la tarea #316 en el proyecto de desarrollo.,1,2025-01-22,2025-02-11
Desarrollo de funcionalidades de usuario #317,"Crear las funcionalidades de usuario para permitir el registro, inicio de sesión y gestión de perfiles. Esto se refiere a la tarea #317 en el proyecto de desarrollo.",1,2025-01-18,2025-02-13
Mantenimiento de servidor de producción #318,Realizar el mantenimiento regular del servidor para garantizar que funcione de manera eficiente. Esto se refiere a la tarea #318 en el proyecto de desarrollo.,1,2025-01-20,2025-02-03
Configuración de servidor #319,Configurar el servidor para que los usuarios puedan acceder a la aplicación de forma segura. Esto se refiere a la tarea #319 en el proyecto de desarrollo.,1,2025-01-12,2025-02-07
Revisión de código de backend #320,Revisar el código del backend para detectar posibles errores y mejorar la eficiencia. Esto se refiere a la tarea #320 en el proyecto de desarrollo.,1,2025-01-14,2025-02-13
Mantenimiento de servidor de producción #321,Realizar el mantenimiento regular del servidor para garantizar que funcione de manera eficiente. Esto se refiere a la tarea #321 en el proyecto de desarrollo.,1,2025-01-05,2025-02-14
Integración de base de datos #322,Configurar la base de datos y conectar las tablas necesarias para el sistema de gestión. Esto se refiere a la tarea #322 en el proyecto de desarrollo.,1,2025-01-30,2025-02-02
Integración de base de datos #323,Configurar la base de datos y conectar las tablas necesarias para el sistema de gestión. Esto se refiere a la tarea #323 en el proyecto de desarrollo.,1,2025-01-23,2025-02-11
Pruebas de integración #324,Realizar pruebas de integración para asegurar que todos los servicios funcionen correctamente en conjunto. Esto se refiere a la tarea #324 en el proyecto de desarrollo.,1,2025-01-27,2025-02-03
Optimización de consultas SQL #325,Optimizar las consultas SQL para mejorar el rendimiento de la aplicación. Esto se refiere a la tarea #325 en el proyecto de desarrollo.,1,2025-01-29,2025-02-14
Mantenimiento de servidor de producción #326,Realizar el mantenimiento regular del servidor para garantizar que funcione de manera eficiente. Esto se refiere a la tarea #326 en el proyecto de desarrollo.,1,2025-01-04,2025-02-01
Configuración de servidor #327,Configurar el servidor para que los usuarios puedan acceder a la aplicación de forma segura. Esto se refiere a la tarea #327 en el proyecto de desarrollo.,1,2025-01-27,2025-02-04
Integración de base de datos #328,Configurar la base de datos y conectar las tablas necesarias para el sistema de gestión. Esto se refiere a la tarea #328 en el proyecto de desarrollo.,1,2025-01-16,2025-02-03
Configuración de servidor #329,Configurar el servidor para que los usuarios puedan acceder a la aplicación de forma segura. Esto se refiere a la tarea #329 en el proyecto de desarrollo.,1,2025-01-19,2025-02-13
Desarrollo de API RESTful #330,Desarrollar una API RESTful para que el sistema pueda interactuar con otras aplicaciones. Esto se refiere a la tarea #330 en el proyecto de desarrollo.,1,2025-01-14,2025-02-10
Desarrollo de API RESTful #331,Desarrollar una API RESTful para que el sistema pueda interactuar con otras aplicaciones. Esto se refiere a la tarea #331 en el proyecto de desarrollo.,1,2025-01-02,2025-02-02
Desarrollo de funcionalidades de usuario #332,"Crear las funcionalidades de usuario para permitir el registro, inicio de sesión y gestión de perfiles. Esto se refiere a la tarea #332 en el proyecto de desarrollo.",1,2025-01-13,2025-02-03
Configuración de servidor #333,Configurar el servidor para que los usuarios puedan acceder a la aplicación de forma segura. Esto se refiere a la tarea #333 en el proyecto de desarrollo.,1,2025-01-11,2025-02-05
Integración de base de datos #334,Configurar la base de datos y conectar las tablas necesarias para el sistema de gestión. Esto se refiere a la tarea #334 en el proyecto de desarrollo.,1,2025-01-19,2025-02-10
Optimización de consultas SQL #335,Optimizar las consultas SQL para mejorar el rendimiento de la aplicación. Esto se refiere a la tarea #335 en el proyecto de desarrollo.,1,2025-01-17,2025-02-12
Integración de base de datos #336,Configurar la base de datos y conectar las tablas necesarias para el sistema de gestión. Esto se refiere a la tarea #336 en el proyecto de desarrollo.,1,2025-01-12,2025-02-09
Auditoría de seguridad #337,Realizar una auditoría de seguridad para identificar posibles vulnerabilidades en la aplicación. Esto se refiere a la tarea #337 en el proyecto de desarrollo.,1,2025-01-07,2025-02-02
Integración de base de datos #338,Configurar la base de datos y conectar las tablas necesarias para el sistema de gestión. Esto se refiere a la tarea #338 en el proyecto de desarrollo.,1,2025-01-01,2025-02-05
Revisión de código de backend #339,Revisar el código del backend para detectar posibles errores y mejorar la eficiencia. Esto se refiere a la tarea #339 en el proyecto de desarrollo.,1,2025-01-09,2025-02-02
Configuración de servidor #340,Configurar el servidor para que los usuarios puedan acceder a la aplicación de forma segura. Esto se refiere a la tarea #340 en el proyecto de desarrollo.,1,2025-01-24,2025-02-08
Revisión de código de backend #341,Revisar el código del backend para detectar posibles errores y mejorar la eficiencia. Esto se refiere a la tarea #341 en el proyecto de desarrollo.,1,2025-01-05,2025-02-10
Desarrollo de la página de inicio #342,Desarrollar la interfaz de usuario de la página de inicio con un diseño atractivo y accesible. Esto se refiere a la tarea #342 en el proyecto de desarrollo.,1,2025-01-02,2025-02-10
Desarrollo de funcionalidades de usuario #343,"Crear las funcionalidades de usuario para permitir el registro, inicio de sesión y gestión de perfiles. Esto se refiere a la tarea #343 en el proyecto de desarrollo.",1,2025-01-02,2025-02-07
Pruebas de integración #344,Realizar pruebas de integración para asegurar que todos los servicios funcionen correctamente en conjunto. Esto se refiere a la tarea #344 en el proyecto de desarrollo.,1,2025-01-29,2025-02-01
Desarrollo de API RESTful #345,Desarrollar una API RESTful para que el sistema pueda interactuar con otras aplicaciones. Esto se refiere a la tarea #345 en el proyecto de desarrollo.,1,2025-01-20,2025-02-07
Pruebas de integración #346,Realizar pruebas de integración para asegurar que todos los servicios funcionen correctamente en conjunto. Esto se refiere a la tarea #346 en el proyecto de desarrollo.,1,2025-01-14,2025-02-08
Desarrollo de la página de inicio #347,Desarrollar la interfaz de usuario de la página de inicio con un diseño atractivo y accesible. Esto se refiere a la tarea #347 en el proyecto de desarrollo.,1,2025-01-02,2025-02-09
Optimización de consultas SQL #348,Optimizar las consultas SQL para mejorar el rendimiento de la aplicación. Esto se refiere a la tarea #348 en el proyecto de desarrollo.,1,2025-01-05,2025-02-04
Auditoría de seguridad #349,Realizar una auditoría de seguridad para identificar posibles vulnerabilidades en la aplicación. Esto se refiere a la tarea #349 en el proyecto de desarrollo.,1,2025-01-09,2025-02-06
Desarrollo de funcionalidades de usuario #350,"Crear las funcionalidades de usuario para permitir el registro, inicio de sesión y gestión de perfiles. Esto se refiere a la tarea #350 en el proyecto de desarrollo.",1,2025-01-18,2025-02-06
Pruebas de integración #351,Realizar pruebas de integración para asegurar que todos los servicios funcionen correctamente en conjunto. Esto se refiere a la tarea #351 en el proyecto de desarrollo.,1,2025-01-08,2025-02-07
Mantenimiento de servidor de producción #352,Realizar el mantenimiento regular del servidor para garantizar que funcione de manera eficiente. Esto se refiere a la tarea #352 en el proyecto de desarrollo.,1,2025-01-08,2025-02-13
Desarrollo de la página de inicio #353,Desarrollar la interfaz de usuario de la página de inicio con un diseño atractivo y accesible. Esto se refiere a la tarea #353 en el proyecto de desarrollo.,1,2025-01-25,2025-02-02
Revisión de código de backend #354,Revisar el código del backend para detectar posibles errores y mejorar la eficiencia. Esto se refiere a la tarea #354 en el proyecto de desarrollo.,1,2025-01-07,2025-02-09
Optimización de consultas SQL #355,Optimizar las consultas SQL para mejorar el rendimiento de la aplicación. Esto se refiere a la tarea #355 en el proyecto de desarrollo.,1,2025-01-16,2025-02-10
Integración de base de datos #356,Configurar la base de datos y conectar las tablas necesarias para el sistema de gestión. Esto se refiere a la tarea #356 en el proyecto de desarrollo.,1,2025-01-09,2025-02-02
Auditoría de seguridad #357,Realizar una auditoría de seguridad para identificar posibles vulnerabilidades en la aplicación. Esto se refiere a la tarea #357 en el proyecto de desarrollo.,1,2025-01-17,2025-02-06
Configuración de servidor #358,Configurar el servidor para que los usuarios puedan acceder a la aplicación de forma segura. Esto se refiere a la tarea #358 en el proyecto de desarrollo.,1,2025-01-16,2025-02-01
Mantenimiento de servidor de producción #359,Realizar el mantenimiento regular del servidor para garantizar que funcione de manera eficiente. Esto se refiere a la tarea #359 en el proyecto de desarrollo.,1,2025-01-17,2025-02-09
Integración de base de datos #360,Configurar la base de datos y conectar las tablas necesarias para el sistema de gestión. Esto se refiere a la tarea #360 en el proyecto de desarrollo.,1,2025-01-20,2025-02-01
Optimización de consultas SQL #361,Optimizar las consultas SQL para mejorar el rendimiento de la aplicación. Esto se refiere a la tarea #361 en el proyecto de desarrollo.,1,2025-01-22,2025-02-12
Desarrollo de API RESTful #362,Desarrollar una API RESTful para que el sistema pueda interactuar con otras aplicaciones. Esto se refiere a la tarea #362 en el proyecto de desarrollo.,1,2025-01-18,2025-02-06
Integración de base de datos #363,Configurar la base de datos y conectar las tablas necesarias para el sistema de gestión. Esto se refiere a la tarea #363 en el proyecto de desarrollo.,1,2025-01-11,2025-02-12
Pruebas de integración #364,Realizar pruebas de integración para asegurar que todos los servicios funcionen correctamente en conjunto. Esto se refiere a la tarea #364 en el proyecto de desarrollo.,1,2025-01-23,2025-02-07
Configuración de servidor #365,Configurar el servidor para que los usuarios puedan acceder a la aplicación de forma segura. Esto se refiere a la tarea #365 en el proyecto de desarrollo.,1,2025-01-29,2025-02-03
Pruebas de integración #366,Realizar pruebas de integración para asegurar que todos los servicios funcionen correctamente en conjunto. Esto se refiere a la tarea #366 en el proyecto de desarrollo.,1,2025-01-02,2025-02-02
Pruebas de integración #367,Realizar pruebas de integración para asegurar que todos los servicios funcionen correctamente en conjunto. Esto se refiere a la tarea #367 en el proyecto de desarrollo.,1,2025-01-27,2025-02-04
Revisión de código de backend #368,Revisar el código del backend para detectar posibles errores y mejorar la eficiencia. Esto se refiere a la tarea #368 en el proyecto de desarrollo.,1,2025-01-10,2025-02-10
Mantenimiento de servidor de producción #369,Realizar el mantenimiento regular del servidor para garantizar que funcione de manera eficiente. Esto se refiere a la tarea #369 en el proyecto de desarrollo.,1,2025-01-25,2025-02-05
Mantenimiento de servidor de producción #370,Realizar el mantenimiento regular del servidor para garantizar que funcione de manera eficiente. Esto se refiere a la tarea #370 en el proyecto de desarrollo.,1,2025-01-18,2025-02-01
Desarrollo de la página de inicio #371,Desarrollar la interfaz de usuario de la página de inicio con un diseño atractivo y accesible. Esto se refiere a la tarea #371 en el proyecto de desarrollo.,1,2025-01-20,2025-02-14
Auditoría de seguridad #372,Realizar una auditoría de seguridad para identificar posibles vulnerabilidades en la aplicación. Esto se refiere a la tarea #372 en el proyecto de desarrollo.,1,2025-01-29,2025-02-11
Desarrollo de funcionalidades de usuario #373,"Crear las funcionalidades de usuario para permitir el registro, inicio de sesión y gestión de perfiles. Esto se refiere a la tarea #373 en el proyecto de desarrollo.",1,2025-01-27,2025-02-08
Configuración de servidor #374,Configurar el servidor para que los usuarios puedan acceder a la aplicación de forma segura. Esto se refiere a la tarea #374 en el proyecto de desarrollo.,1,2025-01-12,2025-02-10
Optimización de consultas SQL #375,Optimizar las consultas SQL para mejorar el rendimiento de la aplicación. Esto se refiere a la tarea #375 en el proyecto de desarrollo.,1,2025-01-27,2025-02-05
Auditoría de seguridad #376,Realizar una auditoría de seguridad para identificar posibles vulnerabilidades en la aplicación. Esto se refiere a la tarea #376 en el proyecto de desarrollo.,1,2025-01-18,2025-02-02
Revisión de código de backend #377,Revisar el código del backend para detectar posibles errores y mejorar la eficiencia. Esto se refiere a la tarea #377 en el proyecto de desarrollo.,1,2025-01-15,2025-02-07
Configuración de servidor #378,Configurar el servidor para que los usuarios puedan acceder a la aplicación de forma segura. Esto se refiere a la tarea #378 en el proyecto de desarrollo.,1,2025-01-12,2025-02-12
Desarrollo de funcionalidades de usuario #379,"Crear las funcionalidades de usuario para permitir el registro, inicio de sesión y gestión de perfiles. Esto se refiere a la tarea #379 en el proyecto de desarrollo.",1,2025-01-23,2025-02-11
Mantenimiento de servidor de producción #380,Realizar el mantenimiento regular del servidor para garantizar que funcione de manera eficiente. Esto se refiere a la tarea #380 en el proyecto de desarrollo.,1,2025-01-27,2025-02-03
Desarrollo de API RESTful #381,Desarrollar una API RESTful para que el sistema pueda interactuar con otras aplicaciones. Esto se refiere a la tarea #381 en el proyecto de desarrollo.,1,2025-01-16,2025-02-06
Auditoría de seguridad #382,Realizar una auditoría de seguridad para identificar posibles vulnerabilidades en la aplicación. Esto se refiere a la tarea #382 en el proyecto de desarrollo.,1,2025-01-22,2025-02-09
Desarrollo de funcionalidades de usuario #383,"Crear las funcionalidades de usuario para permitir el registro, inicio de sesión y gestión de perfiles. Esto se refiere a la tarea #383 en el proyecto de desarrollo.",1,2025-01-08,2025-02-02
Optimización de consultas SQL #384,Optimizar las consultas SQL para mejorar el rendimiento de la aplicación. Esto se refiere a la tarea #384 en el proyecto de desarrollo.,1,2025-01-13,2025-02-04
Auditoría de seguridad #385,Realizar una auditoría de seguridad para identificar posibles vulnerabilidades en la aplicación. Esto se refiere a la tarea #385 en el proyecto de desarrollo.,1,2025-01-28,2025-02-13
Auditoría de seguridad #386,Realizar una auditoría de seguridad para identificar posibles vulnerabilidades en la aplicación. Esto se refiere a la tarea #386 en el proyecto de desarrollo.,1,2025-01-07,2025-02-04
Pruebas de integración #387,Realizar pruebas de integración para asegurar que todos los servicios funcionen correctamente en conjunto. Esto se refiere a la tarea #387 en el proyecto de desarrollo.,1,2025-01-10,2025-02-13
Auditoría de seguridad #388,Realizar una auditoría de seguridad para identificar posibles vulnerabilidades en la aplicación. Esto se refiere a la tarea #388 en el proyecto de desarrollo.,1,2025-01-29,2025-02-05
Pruebas de integración #389,Realizar pruebas de integración para asegurar que todos los servicios funcionen correctamente en conjunto. Esto se refiere a la tarea #389 en el proyecto de desarrollo.,1,2025-01-25,2025-02-11
Optimización de consultas SQL #390,Optimizar las consultas SQL para mejorar el rendimiento de la aplicación. Esto se refiere a la tarea #390 en el proyecto de desarrollo.,1,2025-01-20,2025-02-13
Desarrollo de API RESTful #391,Desarrollar una API RESTful para que el sistema pueda interactuar con otras aplicaciones. Esto se refiere a la tarea #391 en el proyecto de desarrollo.,1,2025-01-23,2025-02-08
Desarrollo de la página de inicio #392,Desarrollar la interfaz de usuario de la página de inicio con un diseño atractivo y accesible. Esto se refiere a la tarea #392 en el proyecto de desarrollo.,1,2025-01-09,2025-02-07
Mantenimiento de servidor de producción #393,Realizar el mantenimiento regular del servidor para garantizar que funcione de manera eficiente. Esto se refiere a la tarea #393 en el proyecto de desarrollo.,1,2025-01-21,2025-02-03
Optimización de consultas SQL #394,Optimizar las consultas SQL para mejorar el rendimiento de la aplicación. Esto se refiere a la tarea #394 en el proyecto de desarrollo.,1,2025-01-18,2025-02-07
Optimización de consultas SQL #395,Optimizar las consultas SQL para mejorar el rendimiento de la aplicación. Esto se refiere a la tarea #395 en el proyecto de desarrollo.,1,2025-01-06,2025-02-08
Desarrollo de la página de inicio #396,Desarrollar la interfaz de usuario de la página de inicio con un diseño atractivo y accesible. Esto se refiere a la tarea #396 en el proyecto de desarrollo.,1,2025-01-17,2025-02-09
Revisión de código de backend #397,Revisar el código del backend para detectar posibles errores y mejorar la eficiencia. Esto se refiere a la tarea #397 en el proyecto de desarrollo.,1,2025-01-13,2025-02-12
Optimización de consultas SQL #398,Optimizar las consultas SQL para mejorar el rendimiento de la aplicación. Esto se refiere a la tarea #398 en el proyecto de desarrollo.,1,2025-01-14,2025-02-01
Desarrollo de funcionalidades de usuario #399,"Crear las funcionalidades de usuario para permitir el registro, inicio de sesión y gestión de perfiles. Esto se refiere a la tarea #399 en el proyecto de desarrollo.",1,2025-01-08,2025-02-08
Auditoría de seguridad #400,Realizar una auditoría de seguridad para identificar posibles vulnerabilidades en la aplicación. Esto se refiere a la tarea #400 en el proyecto de desarrollo.,1,2025-01-25,2025-02-12
